face,eye1,eye2,nose,mouth,name,box,tag
3.45160502003273,0,0,0,0,dataset/images/maksssksksss10.png,"[81, 248, 126, 126]",1
6.154465202125721,[0.84779733],0,0,0,dataset/images/maksssksksss100.png,"[183, 19, 67, 67]",1
2.2884550755261444,0,0,0.03750338128884323,0,dataset/images/maksssksksss103.png,"[286, 221, 60, 60]",0
2.9233880945830606,[1.54237065],0,0,0,dataset/images/maksssksksss103.png,"[253, 79, 53, 53]",1
