face,eye1,eye2,nose,mouth,name,box,tag
7.069483132218011,0,0,0,0,dataset/images/maksssksksss702.png,"[527, 86, 54, 54]",0
6.555068169196602,0.9174355827271938,1.2063076943159103,0,0,dataset/images/maksssksksss702.png,"[475, 67, 64, 64]",1
0.026376071327831596,0,0,0,0,dataset/images/maksssksksss702.png,"[261, 162, 27, 27]",-
3.9086149995564483,1.2672135569155216,1.2288884371519089,0,0,dataset/images/maksssksksss702.png,"[360, 178, 79, 79]",0
3.2740501560037956,0,0,-0.32672569804708473,0,dataset/images/maksssksksss702.png,"[61, 120, 119, 119]",0
7.767073068011086,2.6201274134218693,-0.004276737570762634,0.8835170571983326,0.19696270517306402,dataset/images/maksssksksss716.png,"[82, 142, 152, 152]",0
